Job Title,Company,Location,Salary,Link
Online Python Trainer (Female candidates only),Whitehat Education Technology Pvt. Ltd.,"Kolkata, West Bengal","Rs.30,000 - Rs.50,000 a month",https://www.indeed.co.in/pagead/clk?mo=r&ad=-6NYlbfkN0DeaRJ22kxg2JqrXyYf-GtO-_gK1Fzeq_EbcCN_nic61JWabtlxIfXCwm9rEF3PReAGkL6mGu6T0F3lN2DMvgRF_BX_a6r7NjHCLNyrA0paCn5ECq15YbNT3FKy4Z5nh5yfR4BeR6s2fysZENLuAobIkFuXnt49Xftzt388NwvOpQtdsHzjNbJVp3v_4aZMrWPUrah3oHrj4sctM2uEuJQzi2fLPM6Cu6vRb3R73SnyGfwZ0jz9Wouh7WTPop0lwu_jkF3qRRdxyz7esw0ThA8YL_h0iokEylVTo6mLUBVp-czOhOd-K4wdbczhtyjhYIiLDrC5goB3Rz7M3MZAWy3AWA7TkbIbQQVPQJpn7WKS1JETAFVjSp67OjAhTiqyxK2GjBiQP2HRX--L2YuUontNe4s3Sx2lHXm00cHRNaQfOHXJri_olRS4H7oUeFxvlz-qBP2p13uVu9DwixCrZ0fLlW7D0SCdEhGkqf1IFrmQIG3zD-AGKXqBPSEYb4LVleVxkWSY4272SsPxYbmyxTAul4cKS63nt6ttJuXMrSLfM58dNoOQAf2BVJwfmcVHUB0=&p=0&fvj=1&vjs=3
"Web Developers Needed Python, SQL.",A2 Tech,"Salt Lake City, West Bengal",Salary not mentioned,https://www.indeed.co.in/company/A2-Tech/jobs/Web-Developer-Python-b50d3bcb8168b13d?fccid=034681ffa1af6372&vjs=3
Software Development Professionals – Python,Rebaca,"Kolkata, West Bengal",Salary not mentioned,https://www.indeed.co.in/rc/clk?jk=962a031bfcb8c5d8&fccid=bd39a4363a85946a&vjs=3
Python Developer,Spotings,"Kolkata, West Bengal","Rs.15,000 - Rs.25,000 a year",https://www.indeed.co.in/company/Spotings/jobs/Python-Developer-478382d023d284b9?fccid=1f5d0e3320ab73e1&vjs=3
Python/Django Developer,Intlum Technology Pvt Ltd,"Kolkata, West Bengal",Salary not mentioned,https://www.indeed.co.in/rc/clk?jk=4ce9341873ad5a88&fccid=6f1c2feaa17c87c2&vjs=3
Urgent Job Requirement of Python + Flask,Software Sales and Development,"Kolkata, West Bengal",Salary not mentioned,https://www.indeed.co.in/rc/clk?jk=fe8099535f835c03&fccid=430228978bc9fb31&vjs=3
Senior Accountant,Cloud Infosolutions Pvt. Ltd.,"Kolkata, West Bengal","Rs.20,000 - Rs.30,000 a month",https://www.indeed.co.in/company/Cloud-Infosolutions-Pvt.-Ltd./jobs/Senior-Accountant-36e5aa9946726070?fccid=573c91fb844d57a8&vjs=3
Web Developers near Madhyamgram Wanted,AOTWO Web and Technology Pvt Ltd.,"Kolkata, West Bengal","Rs.8,000 - Rs.15,000 a month",https://www.indeed.co.in/company/AOTWO-Web-and-Technology-Pvt.-Ltd./jobs/Web-Developer-Near-Madhyamgram-583c09e8c841a5f3?fccid=2505bcdef8e3e937&vjs=3
Python for Data Science-Architect,Wipro Limited,"Kolkata, West Bengal",Salary not mentioned,https://www.indeed.co.in/rc/clk?jk=a7cc4c023916ec88&fccid=8d25321c1defe73f&vjs=3
Python Developer,VManpower Service,"Kolkata, West Bengal","Rs.1,75,000 - Rs.3,00,000 a year",https://www.indeed.co.in/rc/clk?jk=3015554a3dad71ee&fccid=67a1c76004938787&vjs=3
Python Full Stack Developer,Voyagerman Technology,"Uttarpara, West Bengal",Salary not mentioned,https://www.indeed.co.in/rc/clk?jk=2d53bc65886565c4&fccid=7f3a129a204c2b41&vjs=3
Lead & Sr. Python Developer,Capital Numbers Infotech,"Sech Bhavan, West Bengal",Salary not mentioned,https://www.indeed.co.in/rc/clk?jk=29348d057b0e5449&fccid=d367bcc2eb80486a&vjs=3
Senior Python Developer,WRC Technologies,"Kolkata, West Bengal",Salary not mentioned,https://www.indeed.co.in/rc/clk?jk=4f88b0f27a4227cc&fccid=c470548423e38f69&vjs=3
Python Developer,Kirat IT Solutions,"Kolkata, West Bengal",Salary not mentioned,https://www.indeed.co.in/rc/clk?jk=d342e0ccfd219361&fccid=a825a69aa2ab4bbf&vjs=3
Software Developer,AlienSolar,"Kolkata, West Bengal",Salary not mentioned,https://www.indeed.co.in/rc/clk?jk=3866c3f13eea2050&fccid=89ee6c0d61deb17b&vjs=3
Software Development Professionals – C…,Rebaca,"Kolkata, West Bengal",Salary not mentioned,https://www.indeed.co.in/rc/clk?jk=5611bc9321f93648&fccid=bd39a4363a85946a&vjs=3
Software Development Engineer II,123Stores ECommerce,"Kolkata, West Bengal","Rs.18,00,000 - Rs.24,00,000 a year",https://www.indeed.co.in/rc/clk?jk=003208a17d84695e&fccid=f1296f3fa37fe4d8&vjs=3
Linux System Engineer,Codeclouds IT Solutions Pvt. Ltd,"Kolkata, West Bengal","Rs.3,00,000 - Rs.5,50,000 a year",https://www.indeed.co.in/company/Codeclouds-IT-Solutions-Pvt.-Ltd/jobs/Linux-System-Engineer-75f0f1a70cabfe3c?fccid=635a4b86df957803&vjs=3
Software Development Engineer – Internet of Things (IoT),Distronix,"Kolkata, West Bengal","Rs.3,50,000 - Rs.5,50,000 a year",https://www.indeed.co.in/company/Distronix/jobs/Software-Development-Engineer-Internet-Thing-e204ef21eb4094f7?fccid=c061fa96faf06500&vjs=3
Sr. PHP Developer,WEBAMENITY,"Bagha Jatin, West Bengal","Rs.10,000 - Rs.15,000 a month",https://www.indeed.co.in/company/WEBAMENITY/jobs/Senior-PHP-Developer-0658ae750d398fa6?fccid=689cd25d9cc89bac&vjs=3
PHP Developer,Hipla Technologies Pvt. Ltd,"Kolkata, West Bengal","Rs.4,00,000 - Rs.8,00,000 a month",https://www.indeed.co.in/company/Hipla-technologies-pvt.-ltd/jobs/PHP-Developer-025a8db2246fde23?fccid=8a3814c50862f128&vjs=3
Online Bidder / Business Development (Website and Mobile App),INTOLAP,"Garia, Kolkata, West Bengal","Rs.5,000 - Rs.20,000 a month",https://www.indeed.co.in/company/INTOLAP/jobs/Online-Bidder-130534f976fd5a64?fccid=85d10f908256d7c0&vjs=3
System Administrator or Analyst,Sath Infotech Private Limited,"Kolkata, West Bengal","Rs.2,00,000 - Rs.6,00,000 a year",https://www.indeed.co.in/rc/clk?jk=c2c3bbb145ce4303&fccid=20e3c0d104800bc0&vjs=3
PHP Developer,The Hip Element,"Kolkata, West Bengal","Rs.1,00,000 - Rs.1,10,000 a year",https://www.indeed.co.in/company/The-Hip-Element/jobs/PHP-Developer-c69fc7843551424a?fccid=7795a0f5c7c7c41e&vjs=3
Technical Manager,Somnetics,"Kolkata, West Bengal",Salary not mentioned,https://www.indeed.co.in/rc/clk?jk=6a4c2e344e670136&fccid=f069781a61815517&vjs=3
Data Scientist,Thirdeye Data Analytics India Limited,"Kolkata, West Bengal",Salary not mentioned,https://www.indeed.co.in/company/Thirdeye-Data-Analytics-India-Limited/jobs/Data-Scientist-d39bc86a499248b7?fccid=bb4a1944b9d79623&vjs=3
Project Coordinator,innofied,"Kolkata, West Bengal",Salary not mentioned,https://www.indeed.co.in/rc/clk?jk=b6f6a90f39f7c973&fccid=2574481d13594c67&vjs=3
Full Stack Web Developer,Think surf media,"New Town, Kolkata, West Bengal","Rs.12,000 - Rs.20,000 a month",https://www.indeed.co.in/company/THINK-SURF-MEDIA-LLP/jobs/Full-Stack-Web-Developer-6b3ffebb34297a46?fccid=cb6a37bf656ee7fc&vjs=3
Microsoft Azure IaaS,Accenture,"Kolkata, West Bengal",Salary not mentioned,https://www.indeed.co.in/rc/clk?jk=42497c86a07871a5&fccid=a4e4e2eaf26690c9&vjs=3
Tech Lead,Blue Copper Technologies,"Kolkata, West Bengal",Salary not mentioned,https://www.indeed.co.in/rc/clk?jk=2944235f0d6177a2&fccid=e0489e446045a903&vjs=3
PHP Developer,Hipla Technologies Pvt. Ltd,"Kolkata, West Bengal","Rs.4,00,000 - Rs.8,00,000 a month",https://www.indeed.co.in/company/Hipla-technologies-pvt.-ltd/jobs/PHP-Developer-025a8db2246fde23?fccid=8a3814c50862f128&vjs=3
Online Bidder / Business Development (Website and Mobile App),INTOLAP,"Garia, Kolkata, West Bengal","Rs.5,000 - Rs.20,000 a month",https://www.indeed.co.in/company/INTOLAP/jobs/Online-Bidder-130534f976fd5a64?fccid=85d10f908256d7c0&vjs=3
System Administrator or Analyst,Sath Infotech Private Limited,"Kolkata, West Bengal","Rs.2,00,000 - Rs.6,00,000 a year",https://www.indeed.co.in/rc/clk?jk=c2c3bbb145ce4303&fccid=20e3c0d104800bc0&vjs=3
PHP Developer,The Hip Element,"Kolkata, West Bengal","Rs.1,00,000 - Rs.1,10,000 a year",https://www.indeed.co.in/company/The-Hip-Element/jobs/PHP-Developer-c69fc7843551424a?fccid=7795a0f5c7c7c41e&vjs=3
Technical Manager,Somnetics,"Kolkata, West Bengal",Salary not mentioned,https://www.indeed.co.in/rc/clk?jk=6a4c2e344e670136&fccid=f069781a61815517&vjs=3
Data Scientist,Thirdeye Data Analytics India Limited,"Kolkata, West Bengal",Salary not mentioned,https://www.indeed.co.in/company/Thirdeye-Data-Analytics-India-Limited/jobs/Data-Scientist-d39bc86a499248b7?fccid=bb4a1944b9d79623&vjs=3
Project Coordinator,innofied,"Kolkata, West Bengal",Salary not mentioned,https://www.indeed.co.in/rc/clk?jk=b6f6a90f39f7c973&fccid=2574481d13594c67&vjs=3
Full Stack Web Developer,Think surf media,"New Town, Kolkata, West Bengal","Rs.12,000 - Rs.20,000 a month",https://www.indeed.co.in/company/THINK-SURF-MEDIA-LLP/jobs/Full-Stack-Web-Developer-6b3ffebb34297a46?fccid=cb6a37bf656ee7fc&vjs=3
Microsoft Azure IaaS,Accenture,"Kolkata, West Bengal",Salary not mentioned,https://www.indeed.co.in/rc/clk?jk=42497c86a07871a5&fccid=a4e4e2eaf26690c9&vjs=3
Tech Lead,Blue Copper Technologies,"Kolkata, West Bengal",Salary not mentioned,https://www.indeed.co.in/rc/clk?jk=2944235f0d6177a2&fccid=e0489e446045a903&vjs=3
Backend Developer,Talent500,India,Salary not mentioned,https://www.indeed.co.in/pagead/clk?mo=r&ad=-6NYlbfkN0AsDgJcjf3QstaB-NhPfcDvitvdOui-gURn6hD2sXcTqBaeLGvp6oq0qKjUaDFf5ZWumiMg9RbWSXWdFW4rlFRITTcrvV3HkFqTShWOcZKbrXuln_ASQSlshk4704r-lMWVHBGKJ6rIlarvoM_eo3y0avckW1a9OGRuyzr-m8L5_XhaB6ou2OJ4YBePA5QAnmUiMNAT1HXF1zCmoIswFjPOukXQJOBqHVYsURDsBWgYVMAsOIqPnpiOvqt7tfXlzLQIfUUQ8Hgs6aIpcAYfJz7WxVNEPLKe2XtSR9JR-yO-2OgGnRQ2POHWefrNKda0omlpppQv6HQKkZh90fVwRC7863EA_wnZFZif2tszLXljt8ScZEWpSAT4Mtl7NKS0UJRdedMfMtSXsbhpPM_9BXBFHSHc0FyiRZW0wO6-pouwIHY07twvKu3aWI6Dafq2CyZfNwqiVxrn0-CrJrCgnTgB8v1RYRXRla7BwOrVxY-cMyt80NnJFqbeN9lO5W32VPeGHvAGpFM0ZTFMbnaPyFQ2DE0Bdoo071U4LvbbfjlLBzLji07kFIAJ&p=10&fvj=0&vjs=3
Online Python Trainer (Female candidates only),Whitehat Education Technology Pvt. Ltd.,"Kolkata, West Bengal","Rs.30,000 - Rs.50,000 a month",https://www.indeed.co.in/pagead/clk?mo=r&ad=-6NYlbfkN0DeaRJ22kxg2JqrXyYf-GtO-_gK1Fzeq_EbcCN_nic61JWabtlxIfXCwm9rEF3PReAGkL6mGu6T0F3lN2DMvgRF_BX_a6r7NjHCLNyrA0paCn5ECq15YbNT3FKy4Z5nh5yfR4BeR6s2fysZENLuAobIkFuXnt49Xftzt388NwvOpQtdsHzjNbJV7fGcIRBrktu7b8hOSfPDl8iI1PE-d0Z5eUaVoQwgPWxkX9kn3ReO82GaZ02NfV_5ysiyx1nwHvy4QtXXLHK_skgk7bSKOQXfKOPR2xXSkIrD2jqMJeBJUGAIK6yg45OxcG6xQaXPlzqXI09uwHyiRwrzt-4anKKahQltPdBR9yw_LnBf2b_YT3Iuvp4OJlxrrrHZPUhNxVCrDIOScW3z2-SIFcaePTC54uCzvnwqiOf7YuSzcDzbquDLjqEqVnzMxsyePFIPggHdGz9wRIP6U6yCvbNq7qL7ed0gvfzhKZaqoFK1kZtpPET5lDMFdQlzBK6r5qlXHPePwUcMhPYu9-iYtQ84jWLh_Bc6Y6KH9ehrG0kJj4sdNEi5TrNWMtviIffZBDpXXhA=&p=11&fvj=1&vjs=3
