Job Title, Company, Location, Salary, Link 
Online Python Trainer (Female candidates only),Whitehat Education Technology Pvt. Ltd.,Kolkata| West Bengal,Rs.30|000 - Rs.50|000 a month',https://www.indeed.co.in/pagead/clk?mo=r&ad=-6NYlbfkN0DeaRJ22kxg2JqrXyYf-GtO-_gK1Fzeq_EbcCN_nic61JWabtlxIfXCwm9rEF3PReAGkL6mGu6T0F3lN2DMvgRF_BX_a6r7NjHCLNyrA0paCn5ECq15YbNT3FKy4Z5nh5yfR4BeR6s2fysZENLuAobIkFuXnt49Xftzt388NwvOpQtdsHzjNbJViSpYhZij7hwu30Yz4-BJwuU8WNFc5-93Ucl_3kiycNPVIWoNnSzvzmD3mmQ-8jGQ6c7p5c3rW79BiGUBmoupuMEUjUl-dVtI9gM59SthQaUsvmX5hVs7HlN4A71BJoXJkKrf42vAaH1OGSQ6LYv_McAt6ge0OJJERHocSr0bkZ6lAhgo5U6RXoUBNsu5EHycKTHBR0iOn1Mye4LM5a1jTzpG-H9YbPNOhvf8Sm-P7vpz1PM2zYE1N45hzR_I2gi_LVUv9J4HliAWAbsJEty-lyWMSIHYWvRBJmxeS572NL4fK6tIecY2QTFMAs7pawaubrJkna4cinCf5Xi9T-he2NxEUxl_ifbSWc1-JWmzevuMAVfNPvwtyJxK8U6RiLq8nBV8_tIdvFA=&p=0&fvj=1&vjs=3
Linux System Engineer,Codeclouds IT Solutions Pvt. Ltd,Kolkata| West Bengal,Rs.3|00|000 - Rs.5|50|000 a year',https://www.indeed.co.in/pagead/clk?mo=r&ad=-6NYlbfkN0D8oJTivAZfLP3d1VVN8bqBnP7G5KY7bT-czeKrupvy8rNn5TEDmUAF4VYhtq4H18Ku-IHiqoAqqoSLBf_aKpzA9L8EQLY8jwLGB9Ap7oB331H9a0xTL4ppBzJSExfnX91fBEaql-R8JPb-l2QKjAhShaF8riQJuPaoLU0baAMG8XWojtaDgkR1fNHPeg9RKTgpD90ETS2lfPfxeQrRY6BgitvF6YGK-ieU3CUm5va9a0j0u66D5RwD7l8CJIf518wm2qi5EXj4mvLbuVVSkTcJxkP72UaHP4bO3FENH06dJAYP8k0C2w0KDZHEbWKZWIhFla1kbAdsoDdeyJv_ub6gDkGixhTTCj_9KZvIJRv4LW5H5jbbmaeHJlXj8EhdCExUvRfEgtWPuPqMgqXd1Nj8hXIxCQnpr4su420czQTA79ryx360rCkg&p=1&fvj=1&vjs=3
Backend Developer,Talent500,India,Salary not mentioned,https://www.indeed.co.in/pagead/clk?mo=r&ad=-6NYlbfkN0AsDgJcjf3QstaB-NhPfcDvitvdOui-gURn6hD2sXcTqCNf98SJ_tS8y2uKQcqVtkEKlOjvjssJOqao9di4EO6qmj7mMyta70nxk8CrQAFixY2xt9wZWD9r5bzaD97WYH6fdeUW4o5iHBye9_6SjCLHabfb8BDy9psH07W2UddNniPCLGf_zhAwlxoZkqOi-BIsyMT0V6N02UfyZyD8tpo94rYZeKC0W-BETZbmvVbUntQg0Q6fPOC3DcJj3rJDNPo5Eg4WRZar07MBjpquCgz0ioAvMyHCV5F7EPVPD1fPYZPiKSCpi6ue_sVDahVWYh2srYm0t_YNSimF0vplA2uxEb4FAixReQNxmCpDqV2XVNkjfsyHTwZClizee90dnv6QRptzDT78j6LtOwFV1V-KZCZhQk8V07uQ4BwZePJjoHD7qE1dXsByAJHFft-LDXSUmbqxZBZeqWqSaIO7dGmaouvsyA88pUGzjJLw2pKofkqRfeNwAWxl6Ni-iR1rNg2-c8YhccjRIMN-tBfQqSav6jsOMATm_lvWsHxO6EwFWkcGP5ND7eFZpEAmSWeC9Lo=&p=2&fvj=0&vjs=3
Python/Django Developer,Intlum Technology Pvt Ltd,Kolkata| West Bengal,Salary not mentioned,https://www.indeed.co.in/rc/clk?jk=4ce9341873ad5a88&fccid=6f1c2feaa17c87c2&vjs=3
Web Developers Needed Python| SQL.,A2 Tech,Salt Lake City| West Bengal,Salary not mentioned,https://www.indeed.co.in/company/A2-Tech/jobs/Web-Developer-Python-b50d3bcb8168b13d?fccid=034681ffa1af6372&vjs=3
Python Developer,Spotings,Kolkata| West Bengal,Rs.15|000 - Rs.25|000 a year',https://www.indeed.co.in/company/Spotings/jobs/Python-Developer-478382d023d284b9?fccid=1f5d0e3320ab73e1&vjs=3
Software Development Professionals – Python,Rebaca,Kolkata| West Bengal,Salary not mentioned,https://www.indeed.co.in/rc/clk?jk=962a031bfcb8c5d8&fccid=bd39a4363a85946a&vjs=3
Online Python Trainer (Female candidates only),Whitehat Education Technology Pvt. Ltd.,Kolkata| West Bengal,Rs.30|000 - Rs.50|000 a month',https://www.indeed.co.in/company/Whitehat-Education-Technology-Pvt.-Ltd./jobs/Online-Python-Trainer-f377abecab281f5e?fccid=1680174dbe8b37f2&vjs=3
Urgent Job Requirement of Python + Flask,Software Sales and Development,Kolkata| West Bengal,Salary not mentioned,https://www.indeed.co.in/rc/clk?jk=fe8099535f835c03&fccid=430228978bc9fb31&vjs=3
Sr. Associate - Projects,Cognizant,Kolkata| West Bengal,Salary not mentioned,https://www.indeed.co.in/rc/clk?jk=5203b3cb088853c4&fccid=2df6a1e69a70a1e7&vjs=3
Web Developers near Madhyamgram Wanted,AOTWO Web and Technology Pvt Ltd.,Kolkata| West Bengal,Rs.8|000 - Rs.15|000 a month',https://www.indeed.co.in/company/AOTWO-Web-and-Technology-Pvt.-Ltd./jobs/Web-Developer-Near-Madhyamgram-583c09e8c841a5f3?fccid=2505bcdef8e3e937&vjs=3
Lead & Sr. Python Developer,Capital Numbers Infotech,Sech Bhavan| West Bengal,Salary not mentioned,https://www.indeed.co.in/rc/clk?jk=29348d057b0e5449&fccid=d367bcc2eb80486a&vjs=3
Python Developer,VManpower Service,Kolkata| West Bengal,Rs.1|75|000 - Rs.3|00|000 a year',https://www.indeed.co.in/rc/clk?jk=3015554a3dad71ee&fccid=67a1c76004938787&vjs=3
